Date,temperature_2m_max,temperature_2m_min,windspeed_10m_max,precipitation_sum
2020-01-01,23.7,10.8,10.4,1.7
2020-01-02,24.6,13.1,12.4,1.6
2020-01-03,20.6,14.7,16.7,6.1
2020-01-04,22.5,12.8,8.4,0.0
2020-01-05,22.1,12.8,13.7,1.5
2020-01-06,22.0,10.1,10.0,0.0
2020-01-07,22.5,9.9,10.3,0.0
2020-01-08,22.7,10.9,9.4,0.7
2020-01-09,20.9,15.6,8.7,10.7
2020-01-10,20.8,11.9,18.8,0.0
2020-01-11,20.6,10.4,12.8,0.0
2020-01-12,21.5,10.6,10.1,0.0
2020-01-13,21.4,9.5,12.2,0.0
2020-01-14,23.3,9.3,9.4,0.0
2020-01-15,24.5,10.9,9.8,0.0
2020-01-16,25.9,12.1,9.2,0.0
2020-01-17,27.0,14.1,11.4,0.0
2020-01-18,26.5,13.6,10.7,0.0
2020-01-19,23.4,15.6,13.0,0.6
2020-01-20,22.0,12.4,13.2,0.0
2020-01-21,23.2,10.4,10.7,0.0
2020-01-22,24.0,9.6,8.7,0.0
2020-01-23,23.2,13.9,13.4,0.1
2020-01-24,22.4,10.4,13.5,0.0
2020-01-25,22.5,9.4,10.1,0.0
2020-01-26,22.7,9.6,10.6,0.0
2020-01-27,23.9,10.4,11.0,0.0
2020-01-28,24.6,11.9,10.5,0.0
2020-01-29,25.4,16.9,9.5,9.7
2020-01-30,23.3,15.8,12.0,1.3
2020-01-31,23.1,13.0,10.8,0.0
2020-02-01,23.0,10.6,10.5,0.0
2020-02-02,23.1,10.9,13.1,0.0
2020-02-03,23.0,9.1,10.7,0.0
2020-02-04,23.7,9.8,8.8,0.0
2020-02-05,24.9,14.9,8.4,0.0
2020-02-06,24.5,11.7,10.4,0.0
2020-02-07,21.5,12.3,8.6,0.4
2020-02-08,20.9,13.6,8.2,0.2
2020-02-09,24.9,14.1,11.4,0.0
2020-02-10,24.0,10.3,10.0,0.0
2020-02-11,25.2,10.5,9.8,0.0
2020-02-12,25.6,10.6,11.0,0.0
2020-02-13,26.0,11.1,11.1,0.0
2020-02-14,28.5,12.1,13.6,0.0
2020-02-15,27.7,14.4,12.6,0.0
2020-02-16,27.5,12.7,11.0,0.0
2020-02-17,27.7,13.2,10.7,0.0
2020-02-18,27.9,13.4,10.8,0.0
2020-02-19,29.1,13.2,11.4,0.0
2020-02-20,29.5,15.2,12.2,0.0
2020-02-21,29.7,15.9,9.1,0.0
2020-02-22,29.4,16.9,11.2,0.0
2020-02-23,28.5,17.6,9.2,0.0
2020-02-24,27.1,17.9,13.5,0.3
2020-02-25,25.9,16.2,18.4,2.7
2020-02-26,25.4,14.6,10.3,7.4
2020-02-27,25.2,15.2,11.8,0.7
2020-02-28,26.5,14.9,9.8,0.0
2020-02-29,28.5,15.6,9.7,0.0
2020-03-01,29.8,16.3,8.9,0.0
2020-03-02,29.5,17.3,14.7,2.0
2020-03-03,30.1,17.1,8.4,0.3
2020-03-04,29.5,18.5,10.5,0.2
2020-03-05,29.7,17.8,7.9,0.0
2020-03-06,29.7,20.4,11.6,0.6
2020-03-07,27.1,21.0,21.0,19.1
2020-03-08,29.6,18.7,17.3,1.4
2020-03-09,28.4,15.9,13.0,0.0
2020-03-10,28.7,13.9,10.1,0.0
2020-03-11,29.0,17.9,8.9,0.6
2020-03-12,31.0,18.6,9.4,0.0
2020-03-13,32.0,19.2,15.1,0.0
2020-03-14,29.9,19.4,19.6,0.1
2020-03-15,27.0,18.0,11.2,6.7
2020-03-16,28.9,19.5,12.2,0.9
2020-03-17,29.6,18.4,10.9,0.0
2020-03-18,29.8,17.8,12.7,0.0
2020-03-19,31.0,16.7,9.2,0.0
2020-03-20,31.1,19.4,14.4,0.0
2020-03-21,32.0,17.3,22.1,0.3
2020-03-22,30.0,18.1,15.5,1.3
2020-03-23,30.7,18.0,11.3,0.0
2020-03-24,32.3,18.1,10.7,0.0
2020-03-25,33.2,19.6,14.8,0.0
2020-03-26,35.0,20.3,13.6,0.0
2020-03-27,36.2,20.9,13.1,0.0
2020-03-28,36.2,23.0,18.7,0.0
2020-03-29,35.2,22.9,17.3,0.0
2020-03-30,35.8,22.2,19.4,0.0
2020-03-31,35.0,19.6,13.6,0.0
2020-04-01,35.8,19.8,21.4,0.0
2020-04-02,37.2,21.6,15.9,0.0
2020-04-03,36.0,22.1,16.0,0.0
2020-04-04,35.8,20.5,12.6,0.0
2020-04-05,36.5,22.0,15.0,0.0
2020-04-06,37.0,19.4,19.0,0.0
2020-04-07,38.2,20.6,14.9,0.0
2020-04-08,37.7,22.1,18.9,0.0
2020-04-09,37.3,22.3,12.6,0.0
2020-04-10,38.0,23.8,11.9,0.0
2020-04-11,38.3,23.9,18.3,0.0
2020-04-12,35.2,22.8,16.2,0.6
2020-04-13,36.2,24.0,14.2,0.2
2020-04-14,38.3,25.0,15.1,0.0
2020-04-15,34.4,25.2,28.6,7.2
2020-04-16,35.7,23.5,14.4,0.2
2020-04-17,38.0,24.5,24.2,0.0
2020-04-18,35.9,25.0,16.9,0.6
2020-04-19,37.2,24.0,17.0,0.0
2020-04-20,36.3,22.6,18.9,0.3
2020-04-21,33.2,23.0,21.7,16.8
2020-04-22,28.8,21.9,15.5,8.2
2020-04-23,29.9,21.9,24.0,20.6
2020-04-24,30.1,22.1,18.7,24.6
2020-04-25,29.5,22.7,10.2,4.1
2020-04-26,27.6,21.9,17.7,27.7
2020-04-27,29.2,21.9,11.2,9.1
2020-04-28,28.4,21.6,17.4,11.1
2020-04-29,29.4,21.5,11.1,3.7
2020-04-30,29.9,22.0,8.6,4.8
2020-05-01,29.1,23.3,10.1,4.6
2020-05-02,29.1,22.0,9.2,4.8
2020-05-03,30.6,22.0,9.1,0.3
2020-05-04,32.3,23.1,12.7,0.7
2020-05-05,31.9,24.7,9.5,3.5
2020-05-06,32.0,22.9,15.8,4.0
2020-05-07,31.8,23.6,15.0,16.8
2020-05-08,33.8,22.4,11.5,0.0
2020-05-09,33.8,23.9,11.9,0.3
2020-05-10,34.9,24.0,24.5,24.6
2020-05-11,33.0,23.8,7.6,0.0
2020-05-12,35.5,24.2,19.8,1.4
2020-05-13,34.5,26.0,9.0,5.7
2020-05-14,36.0,25.5,21.3,0.0
2020-05-15,35.7,25.8,12.9,0.0
2020-05-16,38.1,26.4,14.1,0.0
2020-05-17,37.8,26.3,13.1,0.0
2020-05-18,36.2,25.8,15.3,0.0
2020-05-19,31.0,26.1,10.8,0.6
2020-05-20,25.9,22.3,41.4,63.6
2020-05-21,28.4,22.7,41.3,3.2
2020-05-22,33.8,22.8,12.1,0.0
2020-05-23,34.2,26.2,16.1,0.0
2020-05-24,35.5,26.2,17.6,0.0
2020-05-25,37.2,27.0,21.7,0.0
2020-05-26,36.4,26.9,24.8,0.0
2020-05-27,36.8,26.0,25.4,0.0
2020-05-28,33.0,26.0,21.1,9.3
2020-05-29,31.5,25.8,12.7,4.5
2020-05-30,32.8,25.5,12.1,5.0
2020-05-31,31.8,24.8,12.0,18.9
2020-06-01,33.1,25.6,13.3,12.5
2020-06-02,34.2,26.2,12.3,0.1
2020-06-03,33.8,26.4,11.4,0.1
2020-06-04,33.2,26.1,13.7,22.4
2020-06-05,33.0,25.7,17.0,4.0
2020-06-06,33.2,26.2,11.3,0.1
2020-06-07,33.8,26.2,15.3,3.3
2020-06-08,33.2,26.0,8.7,2.6
2020-06-09,33.7,26.2,12.1,0.7
2020-06-10,33.2,27.0,13.2,3.3
2020-06-11,32.7,26.4,17.1,10.1
2020-06-12,31.1,25.5,16.3,16.2
2020-06-13,29.5,25.9,16.8,13.3
2020-06-14,31.5,26.4,16.9,18.7
2020-06-15,30.4,25.7,12.8,17.4
2020-06-16,31.8,25.9,15.5,14.5
2020-06-17,28.6,25.5,14.4,23.3
2020-06-18,31.8,25.7,16.5,13.5
2020-06-19,31.3,26.4,14.8,4.8
2020-06-20,32.9,26.2,17.4,7.0
2020-06-21,30.4,25.9,16.8,16.3
2020-06-22,31.8,25.8,19.9,7.0
2020-06-23,31.9,26.5,20.7,2.5
2020-06-24,32.5,26.6,17.2,5.6
2020-06-25,32.9,27.1,15.8,5.0
2020-06-26,31.4,26.8,18.4,3.3
2020-06-27,31.5,27.0,18.9,5.6
2020-06-28,32.3,26.0,12.8,20.5
2020-06-29,30.6,26.0,12.3,15.1
2020-06-30,32.4,25.9,11.6,7.7
2020-07-01,33.5,26.5,13.7,4.7
2020-07-02,34.2,27.0,14.3,17.5
2020-07-03,33.8,26.2,12.6,18.9
2020-07-04,32.5,26.5,16.3,6.6
2020-07-05,31.6,26.1,16.0,9.7
2020-07-06,30.9,26.0,23.4,9.5
2020-07-07,31.8,25.6,18.1,13.2
2020-07-08,30.7,26.4,12.5,12.2
2020-07-09,31.5,27.0,15.0,13.0
2020-07-10,32.3,26.9,22.1,10.1
2020-07-11,31.5,26.9,16.4,11.8
2020-07-12,32.2,26.6,13.2,19.3
2020-07-13,32.5,26.5,12.5,5.5
2020-07-14,30.9,25.9,14.3,12.2
2020-07-15,31.5,25.9,18.3,4.7
2020-07-16,31.8,26.0,14.1,0.9
2020-07-17,32.5,26.0,15.8,3.4
2020-07-18,32.3,26.3,14.4,4.4
2020-07-19,32.5,27.0,15.8,20.8
2020-07-20,31.2,26.6,17.1,6.7
2020-07-21,31.2,26.6,16.4,25.6
2020-07-22,29.6,25.8,15.0,20.2
2020-07-23,29.9,25.9,11.3,19.4
2020-07-24,29.7,25.1,11.3,17.4
2020-07-25,31.8,25.0,10.3,3.1
2020-07-26,34.0,26.5,8.0,4.0
2020-07-27,33.2,26.2,14.1,7.4
2020-07-28,32.2,25.5,12.9,20.9
2020-07-29,31.5,25.4,15.5,7.0
2020-07-30,33.2,26.5,14.5,0.3
2020-07-31,32.8,26.5,12.6,6.1
2020-08-01,33.0,26.2,9.9,7.5
2020-08-02,32.0,26.8,10.5,6.9
2020-08-03,32.9,26.3,10.1,21.2
2020-08-04,33.6,26.7,15.8,69.9
2020-08-05,30.8,26.1,25.3,13.9
2020-08-06,31.6,25.7,21.7,4.8
2020-08-07,31.5,25.7,9.4,5.5
2020-08-08,32.4,26.1,11.0,6.0
2020-08-09,31.9,26.5,17.6,4.2
2020-08-10,32.7,26.1,13.2,4.7
2020-08-11,32.6,26.5,11.3,8.6
2020-08-12,31.4,26.4,10.3,20.6
2020-08-13,32.2,26.5,14.7,8.7
2020-08-14,32.6,25.8,18.5,5.9
2020-08-15,31.7,26.4,24.4,10.4
2020-08-16,31.1,26.0,19.3,6.0
2020-08-17,30.8,25.8,13.0,6.5
2020-08-18,31.8,25.9,11.9,8.2
2020-08-19,31.0,25.8,23.5,7.6
2020-08-20,27.0,25.0,31.0,65.1
2020-08-21,29.6,24.6,21.3,15.1
2020-08-22,30.3,25.6,9.7,8.1
2020-08-23,29.9,25.0,7.2,14.4
2020-08-24,31.2,25.5,10.9,23.9
2020-08-25,30.8,25.5,17.9,30.7
2020-08-26,29.1,25.7,26.7,9.6
2020-08-27,29.7,25.4,21.9,10.8
2020-08-28,32.2,25.2,15.2,2.4
2020-08-29,33.1,25.6,13.9,0.1
2020-08-30,33.0,26.5,9.8,0.0
2020-08-31,33.8,26.5,9.7,0.1
2020-09-01,29.6,25.8,9.5,10.4
2020-09-02,31.2,25.1,17.2,4.1
2020-09-03,31.4,25.3,12.7,2.4
2020-09-04,32.8,25.3,9.4,0.0
2020-09-05,33.2,26.4,12.9,2.7
2020-09-06,32.9,25.9,10.7,18.2
2020-09-07,31.5,25.8,12.5,8.4
2020-09-08,31.7,26.1,9.9,6.1
2020-09-09,31.8,25.6,9.2,8.8
2020-09-10,31.9,26.0,11.5,7.3
2020-09-11,31.1,25.9,11.6,15.9
2020-09-12,31.1,26.0,11.9,5.7
2020-09-13,32.4,26.0,12.1,3.1
2020-09-14,32.5,26.0,11.3,6.4
2020-09-15,32.0,26.2,15.2,4.2
2020-09-16,32.8,26.1,14.1,1.2
2020-09-17,32.8,26.2,10.4,4.6
2020-09-18,31.0,26.4,9.5,29.0
2020-09-19,32.3,25.6,8.5,0.6
2020-09-20,33.0,26.8,15.2,11.7
2020-09-21,30.0,25.9,21.7,16.3
2020-09-22,30.3,25.0,16.3,11.7
2020-09-23,30.0,26.0,15.5,22.5
2020-09-24,30.6,26.1,15.4,9.8
2020-09-25,30.5,26.4,19.0,5.0
2020-09-26,31.3,25.4,14.2,11.3
2020-09-27,31.8,25.5,13.0,0.5
2020-09-28,32.4,24.8,11.3,0.2
2020-09-29,31.4,25.0,11.1,6.1
2020-09-30,31.0,25.7,7.6,8.4
2020-10-01,30.9,25.2,11.2,10.4
2020-10-02,31.2,24.8,9.6,12.9
2020-10-03,31.4,24.9,15.0,13.6
2020-10-04,31.1,24.7,12.4,1.5
2020-10-05,31.1,25.1,13.0,8.3
2020-10-06,30.9,25.2,10.5,7.2
2020-10-07,29.4,25.0,9.5,11.6
2020-10-08,30.6,25.0,6.4,3.7
2020-10-09,32.1,25.2,9.5,2.8
2020-10-10,32.1,25.5,11.2,9.9
2020-10-11,31.9,25.8,8.5,1.2
2020-10-12,32.0,25.4,10.8,2.7
2020-10-13,32.3,25.7,7.9,0.9
2020-10-14,32.9,25.0,8.4,0.4
2020-10-15,32.0,25.1,8.4,0.1
2020-10-16,31.5,25.6,8.2,1.3
2020-10-17,32.3,25.4,8.6,0.1
2020-10-18,32.8,25.1,8.6,0.2
2020-10-19,32.5,23.2,8.7,0.0
2020-10-20,32.7,23.5,8.8,0.0
2020-10-21,31.3,23.4,12.8,1.4
2020-10-22,30.2,23.5,20.0,1.0
2020-10-23,29.0,22.6,22.0,0.3
2020-10-24,31.4,23.0,15.9,0.2
2020-10-25,31.5,22.0,9.3,0.0
2020-10-26,31.3,19.6,11.2,0.0
2020-10-27,30.8,18.5,11.2,0.0
2020-10-28,30.1,18.0,8.9,0.0
2020-10-29,31.3,20.4,11.2,0.0
2020-10-30,32.0,22.2,15.6,0.0
2020-10-31,32.2,21.6,11.8,0.1
2020-11-01,30.5,23.2,13.7,1.5
2020-11-02,32.2,23.2,8.4,0.5
2020-11-03,31.4,21.5,11.4,0.0
2020-11-04,30.8,19.0,10.7,0.0
2020-11-05,29.9,16.7,11.2,0.0
2020-11-06,29.6,15.5,8.3,0.0
2020-11-07,29.0,15.4,12.1,0.0
2020-11-08,29.1,16.8,12.6,0.0
2020-11-09,29.6,17.5,10.0,0.0
2020-11-10,30.3,16.6,9.9,0.0
2020-11-11,31.4,19.7,10.1,0.0
2020-11-12,31.0,19.5,14.1,0.0
2020-11-13,31.5,19.2,13.4,0.0
2020-11-14,31.2,19.5,16.6,0.0
2020-11-15,30.7,18.4,13.2,0.0
2020-11-16,30.8,17.4,10.3,0.0
2020-11-17,30.6,19.2,12.5,0.0
2020-11-18,29.6,18.0,8.3,0.0
2020-11-19,29.8,19.3,10.4,0.0
2020-11-20,30.0,20.6,9.2,0.0
2020-11-21,27.2,18.4,9.4,1.4
2020-11-22,26.7,14.9,11.0,0.0
2020-11-23,26.0,12.4,10.9,0.0
2020-11-24,26.6,12.7,9.9,0.0
2020-11-25,27.3,13.6,10.6,0.0
2020-11-26,27.4,15.1,9.6,0.0
2020-11-27,22.9,18.5,11.8,0.0
2020-11-28,27.9,16.8,11.8,0.0
2020-11-29,28.0,14.4,11.9,0.0
2020-11-30,27.5,14.3,11.7,0.0
2020-12-01,27.1,13.9,10.7,0.0
2020-12-02,27.4,14.6,10.8,0.0
2020-12-03,27.5,14.6,10.2,0.0
2020-12-04,26.7,14.2,10.1,0.0
2020-12-05,27.1,14.1,9.1,0.0
2020-12-06,27.5,14.1,9.1,0.0
2020-12-07,28.0,14.1,9.5,0.0
2020-12-08,26.7,15.4,9.2,0.0
2020-12-09,26.1,15.2,9.3,0.0
2020-12-10,26.2,14.9,10.1,0.0
2020-12-11,25.6,13.7,9.3,0.0
2020-12-12,24.5,14.1,10.7,0.0
2020-12-13,25.0,16.0,8.4,0.0
2020-12-14,26.1,15.2,9.0,0.0
2020-12-15,25.5,15.9,9.2,0.1
2020-12-16,26.3,17.0,8.6,0.0
2020-12-17,26.0,15.7,10.4,0.0
2020-12-18,23.1,13.1,12.3,0.0
2020-12-19,21.4,10.4,11.4,0.0
2020-12-20,22.4,10.0,12.4,0.0
2020-12-21,23.0,10.3,10.7,0.0
2020-12-22,23.4,10.9,10.0,0.0
2020-12-23,23.6,11.4,9.4,0.0
2020-12-24,22.9,11.3,10.0,0.0
2020-12-25,24.9,11.8,10.3,0.0
2020-12-26,23.7,9.7,11.0,0.0
2020-12-27,23.7,9.8,11.3,0.0
2020-12-28,23.8,9.6,11.2,0.0
2020-12-29,24.5,9.2,11.5,0.0
2020-12-30,25.0,11.2,10.8,0.0
2020-12-31,25.2,12.2,13.3,0.0
2021-01-01,24.6,11.9,10.8,0.0
2021-01-02,24.9,10.1,10.7,0.0
2021-01-03,25.0,10.6,10.7,0.0
2021-01-04,25.6,11.1,10.9,0.0
2021-01-05,27.3,11.5,10.1,0.0
2021-01-06,28.1,13.2,9.7,0.0
2021-01-07,29.0,15.6,8.7,0.0
2021-01-08,25.4,17.1,8.1,0.0
2021-01-09,28.1,16.1,9.2,0.0
2021-01-10,29.1,17.1,12.3,0.0
2021-01-11,27.9,17.9,10.2,0.0
2021-01-12,25.6,14.9,12.7,0.0
2021-01-13,22.5,13.6,10.4,0.0
2021-01-14,22.8,10.2,12.9,0.0
2021-01-15,22.9,10.4,11.9,0.0
2021-01-16,22.4,10.4,9.3,0.0
2021-01-17,23.1,9.6,8.7,0.0
2021-01-18,24.6,10.0,11.4,0.0
2021-01-19,25.6,10.9,9.9,0.0
2021-01-20,27.4,15.4,13.0,0.0
2021-01-21,25.0,12.0,14.8,0.0
2021-01-22,24.2,10.6,10.9,0.0
2021-01-23,24.5,10.3,11.2,0.0
2021-01-24,26.4,10.9,10.6,0.0
2021-01-25,26.2,12.9,11.2,0.0
2021-01-26,24.7,12.2,9.9,0.0
2021-01-27,24.0,11.9,12.0,0.0
2021-01-28,24.2,9.9,11.4,0.0
2021-01-29,23.0,10.3,11.1,0.0
2021-01-30,22.5,11.4,13.5,0.0
2021-01-31,22.3,8.5,10.1,0.0
2021-02-01,23.6,8.4,11.2,0.0
2021-02-02,24.5,8.7,10.2,0.0
2021-02-03,25.7,9.9,11.1,0.0
2021-02-04,26.4,10.1,10.5,0.0
2021-02-05,27.8,11.4,11.4,0.0
2021-02-06,27.2,12.9,16.0,0.0
2021-02-07,25.9,14.2,16.4,0.0
2021-02-08,27.1,12.4,12.6,0.0
2021-02-09,27.3,11.2,10.8,0.0
2021-02-10,27.6,12.4,10.7,0.0
2021-02-11,28.5,12.9,10.2,0.0
2021-02-12,29.6,13.6,11.0,0.0
2021-02-13,29.2,14.2,11.8,0.0
2021-02-14,29.5,13.6,10.3,0.0
2021-02-15,29.6,15.2,14.0,0.0
2021-02-16,29.4,13.7,10.9,0.0
2021-02-17,28.2,17.6,13.1,0.2
2021-02-18,29.0,14.9,10.1,0.0
2021-02-19,25.7,17.1,7.9,0.0
2021-02-20,28.6,16.9,9.3,0.0
2021-02-21,29.7,15.1,10.9,0.0
2021-02-22,29.8,14.6,10.8,0.0
2021-02-23,30.0,16.5,9.7,0.0
2021-02-24,30.9,15.8,11.5,0.0
2021-02-25,32.5,15.9,13.5,0.0
2021-02-26,33.8,17.8,14.1,0.0
2021-02-27,33.7,16.5,14.8,0.0
2021-02-28,34.8,19.6,14.6,0.0
2021-03-01,34.3,18.9,24.6,0.0
2021-03-02,32.3,18.2,10.1,0.0
2021-03-03,30.8,17.4,10.6,0.0
2021-03-04,32.8,15.8,11.3,0.0
2021-03-05,34.2,16.9,10.8,0.0
2021-03-06,34.0,17.8,18.0,0.0
2021-03-07,32.7,16.5,11.9,0.0
2021-03-08,33.8,18.5,10.4,0.0
2021-03-09,34.9,21.1,23.0,0.0
2021-03-10,33.5,20.4,8.9,0.8
2021-03-11,33.7,20.8,13.7,0.1
2021-03-12,33.2,21.4,7.4,3.7
2021-03-13,28.0,18.8,24.0,0.9
2021-03-14,31.4,17.7,9.7,0.0
2021-03-15,32.5,20.2,8.6,0.0
2021-03-16,34.3,17.3,11.8,0.0
2021-03-17,35.0,17.9,13.7,0.0
2021-03-18,34.8,17.5,13.0,0.0
2021-03-19,35.2,18.5,10.7,0.0
2021-03-20,35.0,20.7,14.9,0.0
2021-03-21,35.8,21.1,13.0,0.0
2021-03-22,34.8,20.4,8.9,0.0
2021-03-23,36.3,22.2,8.5,0.0
2021-03-24,35.9,25.0,15.3,0.0
2021-03-25,35.6,21.6,15.5,0.0
2021-03-26,35.2,20.5,9.5,0.0
2021-03-27,34.7,19.5,11.2,0.0
2021-03-28,35.4,19.8,12.3,0.0
2021-03-29,36.3,23.0,13.1,0.0
2021-03-30,39.7,23.6,20.5,0.0
2021-03-31,39.0,21.5,24.9,0.0
2021-04-01,37.2,21.2,13.1,0.0
2021-04-02,37.4,21.9,12.8,0.0
2021-04-03,36.2,22.6,10.6,0.0
2021-04-04,35.8,23.2,22.0,0.2
2021-04-05,36.3,21.2,12.0,0.0
2021-04-06,36.8,22.4,17.1,0.0
2021-04-07,37.2,24.0,16.6,0.0
2021-04-08,35.9,25.0,22.8,0.7
2021-04-09,33.7,24.8,19.4,4.3
2021-04-10,36.2,24.3,15.0,0.0
2021-04-11,37.2,24.6,16.3,0.0
2021-04-12,37.4,23.5,18.1,0.0
2021-04-13,38.2,23.4,18.4,0.0
2021-04-14,39.6,23.0,14.1,0.0
2021-04-15,38.5,25.4,13.2,0.0
2021-04-16,35.6,23.6,20.5,0.0
2021-04-17,36.0,22.0,14.6,0.0
2021-04-18,35.5,24.1,13.7,0.0
2021-04-19,37.8,23.6,18.5,0.0
2021-04-20,38.8,23.0,18.0,0.0
2021-04-21,39.3,25.2,14.8,0.0
2021-04-22,34.0,24.9,16.3,2.7
2021-04-23,36.5,23.2,12.4,0.0
2021-04-24,38.0,21.5,11.7,0.0
2021-04-25,38.5,24.6,12.0,0.0
2021-04-26,37.2,25.5,12.1,0.2
2021-04-27,39.3,25.1,10.9,0.0
2021-04-28,38.1,25.4,15.6,0.0
2021-04-29,37.4,25.5,23.7,0.0
2021-04-30,36.3,25.7,16.5,2.4
2021-05-01,35.3,23.9,11.5,0.0
2021-05-02,34.7,25.0,13.9,1.1
2021-05-03,33.1,24.2,14.5,1.4
2021-05-04,30.0,22.4,9.2,0.5
2021-05-05,30.1,23.6,13.7,8.4
2021-05-06,32.0,22.9,14.6,5.6
2021-05-07,31.2,23.8,11.2,18.2
2021-05-08,31.2,24.5,12.0,2.1
2021-05-09,31.2,24.2,11.2,4.1
2021-05-10,33.0,23.1,19.3,0.4
2021-05-11,30.8,24.1,19.2,14.7
2021-05-12,31.8,23.0,13.2,4.2
2021-05-13,30.4,22.9,10.0,25.3
2021-05-14,33.3,23.1,10.4,1.1
2021-05-15,36.1,24.9,15.0,0.1
2021-05-16,36.4,26.2,12.0,0.0
2021-05-17,37.8,27.7,14.0,0.0
2021-05-18,37.2,27.9,11.4,0.3
2021-05-19,36.8,26.1,8.4,0.1
2021-05-20,38.5,27.6,20.4,0.1
2021-05-21,33.5,27.2,14.9,11.0
2021-05-22,34.0,26.0,7.6,0.7
2021-05-23,36.2,26.8,11.9,0.0
2021-05-24,36.2,26.8,13.8,1.9
2021-05-25,32.0,26.6,21.9,22.4
2021-05-26,28.6,24.8,34.2,15.7
2021-05-27,32.2,25.4,32.5,18.8
2021-05-28,33.9,25.5,25.7,7.8
2021-05-29,32.2,26.9,18.7,3.2
2021-05-30,33.2,25.7,15.0,13.1
2021-05-31,32.5,24.5,12.5,18.9
2021-06-01,36.0,26.9,10.2,5.1
2021-06-02,34.5,25.8,12.2,0.4
2021-06-03,34.6,26.7,10.4,0.2
2021-06-04,36.1,27.3,10.1,0.0
2021-06-05,36.7,27.8,12.8,1.3
2021-06-06,35.5,28.5,19.8,1.2
2021-06-07,36.7,28.5,16.7,0.7
2021-06-08,35.7,27.4,13.5,0.0
2021-06-09,33.5,27.0,13.0,41.2
2021-06-10,32.0,25.7,15.9,9.2
2021-06-11,31.4,25.4,11.9,5.9
2021-06-12,30.6,25.4,13.8,19.9
2021-06-13,32.4,25.4,13.4,10.6
2021-06-14,30.5,25.6,19.1,12.3
2021-06-15,30.9,25.9,17.8,12.4
2021-06-16,27.8,25.2,13.8,31.1
2021-06-17,27.8,24.9,11.6,42.7
2021-06-18,27.3,24.5,16.6,27.8
2021-06-19,28.8,24.5,12.6,25.8
2021-06-20,29.6,24.9,13.4,31.5
2021-06-21,32.3,24.8,10.2,26.3
2021-06-22,31.5,25.4,11.5,18.8
2021-06-23,30.8,25.6,13.6,9.8
2021-06-24,32.0,25.5,10.4,6.0
2021-06-25,31.7,25.9,12.3,2.6
2021-06-26,30.6,25.6,13.7,11.2
2021-06-27,32.3,26.0,15.5,1.8
2021-06-28,33.0,26.4,16.1,0.3
2021-06-29,32.8,27.5,20.0,6.6
2021-06-30,35.5,27.8,18.9,1.7
2021-07-01,35.0,26.5,15.6,29.2
2021-07-02,33.2,26.6,13.9,9.1
2021-07-03,32.0,26.5,12.1,6.7
2021-07-04,31.8,26.0,8.6,12.5
2021-07-05,32.0,25.5,9.2,19.2
2021-07-06,31.4,26.4,11.2,14.2
2021-07-07,33.3,26.3,8.9,27.4
2021-07-08,31.7,25.8,11.3,18.7
2021-07-09,31.5,25.6,13.9,6.1
2021-07-10,31.9,26.0,12.8,3.6
2021-07-11,32.2,26.1,15.7,3.6
2021-07-12,31.1,25.8,17.9,6.6
2021-07-13,31.6,25.1,17.3,6.5
2021-07-14,31.2,25.5,17.4,1.7
2021-07-15,31.9,25.6,14.1,1.1
2021-07-16,33.3,25.7,13.0,0.0
2021-07-17,32.0,26.5,13.3,1.0
2021-07-18,33.0,26.9,10.8,13.0
2021-07-19,31.1,26.5,6.7,18.8
2021-07-20,29.5,26.6,6.7,24.3
2021-07-21,32.0,25.6,8.1,9.1
2021-07-22,32.8,25.8,20.3,10.1
2021-07-23,30.5,25.9,25.1,11.5
2021-07-24,29.6,25.4,20.2,17.5
2021-07-25,32.2,25.5,9.2,3.3
2021-07-26,32.8,27.0,9.9,14.9
2021-07-27,31.4,26.2,11.5,10.7
2021-07-28,32.5,26.0,15.9,15.8
2021-07-29,29.7,25.6,25.1,35.4
2021-07-30,28.4,25.4,25.2,41.2
2021-07-31,29.9,25.0,13.9,0.8
2021-08-01,31.8,25.6,11.5,1.1
2021-08-02,31.8,25.7,9.1,2.4
2021-08-03,30.8,25.3,8.3,19.4
2021-08-04,29.1,25.4,13.8,25.8
2021-08-05,31.1,24.6,9.7,20.7
2021-08-06,32.5,25.6,10.0,8.2
2021-08-07,31.5,25.8,9.0,18.9
2021-08-08,31.5,25.3,16.6,26.5
2021-08-09,32.2,25.6,18.3,5.4
2021-08-10,32.8,26.9,13.8,8.1
2021-08-11,32.4,26.9,9.3,2.4
2021-08-12,31.8,26.3,8.9,13.8
2021-08-13,31.9,25.9,12.9,4.1
2021-08-14,32.2,26.5,9.8,6.2
2021-08-15,32.6,27.0,8.8,13.9
2021-08-16,31.6,26.5,13.0,6.2
2021-08-17,30.5,26.1,17.2,5.9
2021-08-18,31.5,25.7,20.3,2.4
2021-08-19,30.5,26.0,18.3,5.8
2021-08-20,29.6,25.9,21.1,1.9
2021-08-21,30.5,25.8,14.9,3.2
2021-08-22,32.6,25.5,13.3,0.1
2021-08-23,33.2,26.9,13.7,8.0
2021-08-24,32.8,26.7,10.4,6.4
2021-08-25,32.3,26.9,10.5,9.6
2021-08-26,30.7,26.4,12.0,16.3
2021-08-27,30.6,25.8,8.6,14.1
2021-08-28,31.5,25.3,14.5,3.9
2021-08-29,30.8,25.6,12.9,9.0
2021-08-30,30.2,25.3,15.0,10.7
2021-08-31,31.2,25.2,12.3,7.8
2021-09-01,32.1,25.2,13.1,0.3
2021-09-02,32.2,25.7,12.9,4.5
2021-09-03,32.2,26.0,11.8,1.5
2021-09-04,32.5,25.5,6.6,0.2
2021-09-05,32.6,26.2,8.6,2.5
2021-09-06,31.5,26.5,22.5,4.9
2021-09-07,28.8,25.5,21.5,13.8
2021-09-08,29.6,25.0,14.4,8.2
2021-09-09,31.2,24.5,10.2,4.1
2021-09-10,32.8,25.6,11.6,11.6
2021-09-11,31.5,25.2,15.9,4.4
2021-09-12,32.2,25.4,23.1,8.2
2021-09-13,28.9,25.5,29.8,11.3
2021-09-14,27.6,24.6,24.1,36.1
2021-09-15,28.6,24.8,20.8,20.3
2021-09-16,30.2,25.4,11.6,6.3
2021-09-17,31.2,25.1,7.1,8.4
2021-09-18,29.7,24.8,7.0,3.9
2021-09-19,30.5,25.4,8.7,8.8
2021-09-20,29.8,24.5,20.1,18.5
2021-09-21,27.6,24.2,18.2,16.5
2021-09-22,28.5,24.0,24.2,19.5
2021-09-23,30.0,24.4,13.8,7.4
2021-09-24,32.3,24.1,7.0,0.1
2021-09-25,32.8,25.0,11.7,5.9
2021-09-26,32.4,25.0,11.8,4.1
2021-09-27,31.5,24.5,16.8,4.1
2021-09-28,30.1,25.2,19.7,4.0
2021-09-29,25.6,24.5,43.6,101.5
2021-09-30,28.5,24.5,16.8,15.6
2021-10-01,31.7,24.7,13.4,0.3
2021-10-02,31.6,25.4,16.2,3.9
2021-10-03,32.6,25.8,13.0,4.5
2021-10-04,31.5,24.7,10.2,3.1
2021-10-05,32.0,24.8,8.5,1.7
2021-10-06,31.7,25.4,5.9,1.1
2021-10-07,31.8,24.8,5.9,1.0
2021-10-08,32.2,25.0,11.4,0.6
2021-10-09,32.5,25.1,8.0,0.3
2021-10-10,32.5,24.6,7.5,0.0
2021-10-11,32.3,24.6,7.8,0.4
2021-10-12,33.0,24.9,9.7,0.0
2021-10-13,33.2,25.2,9.5,0.1
2021-10-14,31.0,25.4,8.2,11.0
2021-10-15,33.3,25.1,8.5,0.3
2021-10-16,31.2,24.5,15.5,10.0
2021-10-17,31.2,24.9,20.4,12.3
2021-10-18,26.2,24.1,23.7,48.3
2021-10-19,28.0,23.8,20.8,17.7
2021-10-20,29.4,23.7,10.2,3.9
2021-10-21,30.2,22.0,12.0,0.0
2021-10-22,30.9,19.6,9.2,0.0
2021-10-23,30.7,19.6,9.0,0.0
2021-10-24,29.9,20.1,8.2,0.0
2021-10-25,29.2,21.5,6.2,0.0
2021-10-26,29.6,20.9,6.6,0.0
2021-10-27,29.8,22.1,11.6,0.1
2021-10-28,30.5,22.0,12.9,0.0
2021-10-29,30.4,21.5,12.4,0.0
2021-10-30,30.3,20.5,10.1,0.0
2021-10-31,29.3,18.9,9.9,0.0
2021-11-01,29.5,18.0,9.0,0.0
2021-11-02,29.3,17.9,8.9,0.0
2021-11-03,29.2,17.6,9.7,0.0
2021-11-04,29.0,17.2,9.7,0.0
2021-11-05,28.2,16.5,10.4,0.0
2021-11-06,28.6,16.9,11.3,0.0
2021-11-07,28.5,15.9,10.6,0.0
2021-11-08,28.7,15.9,10.0,0.0
2021-11-09,29.0,16.3,7.4,0.0
2021-11-10,28.8,17.2,9.0,0.0
2021-11-11,29.1,17.0,8.7,0.0
2021-11-12,27.8,19.5,9.8,0.1
2021-11-13,23.5,21.0,7.4,20.7
2021-11-14,25.4,20.2,7.6,5.9
2021-11-15,26.3,18.7,7.3,0.7
2021-11-16,27.2,18.0,9.7,0.0
2021-11-17,26.9,16.4,9.9,0.0
2021-11-18,26.8,14.9,9.8,0.0
2021-11-19,27.2,15.1,9.1,0.0
2021-11-20,27.5,16.7,8.4,0.0
2021-11-21,28.3,18.4,8.4,0.0
2021-11-22,28.8,18.4,8.2,0.0
2021-11-23,29.0,18.1,9.7,0.0
2021-11-24,27.4,16.5,9.1,0.0
2021-11-25,27.1,15.6,8.3,0.0
2021-11-26,26.4,15.8,10.2,1.2
2021-11-27,26.0,14.6,9.2,0.0
2021-11-28,26.2,14.8,10.4,0.0
2021-11-29,26.6,15.0,10.1,0.0
2021-11-30,26.9,14.9,13.0,0.0
2021-12-01,27.0,15.4,11.3,0.0
2021-12-02,26.9,14.9,8.7,0.0
2021-12-03,27.4,15.2,9.1,0.0
2021-12-04,22.9,19.0,7.2,0.3
2021-12-05,21.2,18.6,12.8,75.3
2021-12-06,24.4,18.1,15.1,28.3
2021-12-07,26.5,16.2,10.8,0.0
2021-12-08,27.1,15.6,9.2,0.0
2021-12-09,26.4,16.5,8.2,0.0
2021-12-10,27.1,17.6,9.5,0.0
2021-12-11,25.9,16.2,8.7,0.2
2021-12-12,25.5,13.4,11.2,0.0
2021-12-13,24.6,11.8,10.4,0.0
2021-12-14,24.1,11.9,11.4,0.0
2021-12-15,23.6,11.6,10.2,0.0
2021-12-16,23.5,11.6,10.9,0.0
2021-12-17,25.2,11.9,11.0,0.0
2021-12-18,26.4,13.1,15.0,0.0
2021-12-19,22.0,12.2,12.7,0.0
2021-12-20,21.0,8.4,10.8,0.0
2021-12-21,22.5,10.1,10.6,0.0
2021-12-22,23.1,11.4,11.2,0.0
2021-12-23,24.1,10.9,10.5,0.0
2021-12-24,24.2,10.4,10.5,0.0
2021-12-25,24.9,12.3,9.5,0.0
2021-12-26,23.9,13.3,10.3,0.2
2021-12-27,24.0,14.9,10.2,0.5
2021-12-28,24.6,13.7,9.0,0.0
2021-12-29,21.2,17.0,11.3,6.1
2021-12-30,23.4,15.6,9.4,7.6
2021-12-31,23.5,14.2,12.5,0.0
2022-01-01,22.4,11.8,10.9,0.0
2022-01-02,23.3,11.3,10.0,0.0
2022-01-03,23.2,11.9,10.3,0.0
2022-01-04,23.0,10.7,10.9,0.0
2022-01-05,23.4,9.6,10.3,0.0
2022-01-06,24.1,10.4,10.1,0.0
2022-01-07,25.1,12.1,11.4,0.0
2022-01-08,25.9,12.6,9.7,0.0
2022-01-09,26.0,13.1,8.9,0.0
2022-01-10,23.6,15.9,9.1,0.2
2022-01-11,23.9,15.9,9.9,13.9
2022-01-12,22.7,15.1,11.4,11.2
2022-01-13,23.2,14.0,9.8,0.0
2022-01-14,20.9,13.8,9.8,1.4
2022-01-15,22.9,14.4,9.8,7.6
2022-01-16,21.9,12.4,11.5,0.0
2022-01-17,22.0,10.4,12.2,0.0
2022-01-18,21.5,10.0,12.0,0.0
2022-01-19,21.6,10.2,11.2,0.0
2022-01-20,21.5,9.3,11.4,0.0
2022-01-21,23.0,10.2,10.0,0.0
2022-01-22,24.0,12.9,11.5,0.3
2022-01-23,21.9,15.5,12.3,16.5
2022-01-24,22.6,15.5,8.1,0.0
2022-01-25,22.7,15.2,11.9,0.4
2022-01-26,22.0,14.1,11.7,0.3
2022-01-27,20.9,12.1,11.8,0.0
2022-01-28,19.5,9.1,12.8,0.0
2022-01-29,20.6,8.7,10.6,0.0
2022-01-30,22.0,9.4,10.2,0.0
2022-01-31,24.0,10.8,8.9,0.0
2022-02-01,24.8,10.9,14.1,0.0
2022-02-02,25.5,10.8,10.9,0.0
2022-02-03,24.6,14.1,10.7,0.0
2022-02-04,19.6,14.3,18.2,32.2
2022-02-05,21.9,11.9,18.3,0.0
2022-02-06,21.8,9.7,11.4,0.0
2022-02-07,22.8,10.1,10.1,0.0
2022-02-08,24.5,10.4,10.5,0.0
2022-02-09,25.7,11.4,10.3,0.0
2022-02-10,22.5,15.5,8.4,4.6
2022-02-11,23.0,12.6,13.0,0.0
2022-02-12,23.2,10.4,14.0,0.0
2022-02-13,23.6,10.1,10.8,0.0
2022-02-14,24.2,9.8,10.3,0.0
2022-02-15,25.2,10.5,10.2,0.0
2022-02-16,25.4,10.5,10.7,0.0
2022-02-17,27.5,12.3,12.2,0.0
2022-02-18,27.0,12.1,11.6,0.0
2022-02-19,27.8,11.7,15.8,0.0
2022-02-20,26.5,12.9,15.5,0.0
2022-02-21,27.0,11.3,12.4,0.0
2022-02-22,27.1,13.1,9.9,0.0
2022-02-23,27.7,13.9,10.2,0.0
2022-02-24,30.1,15.8,12.7,3.4
2022-02-25,28.8,17.5,21.1,11.1
2022-02-26,29.1,16.5,10.9,0.0
2022-02-27,27.6,14.9,26.3,6.9
2022-02-28,29.7,17.5,10.8,0.0
2022-03-01,29.0,16.5,9.8,0.0
2022-03-02,29.3,17.0,8.4,0.0
2022-03-03,30.0,16.7,9.5,0.0
2022-03-04,30.0,15.6,11.8,0.0
2022-03-05,32.1,16.2,14.3,0.0
2022-03-06,30.4,16.8,10.4,0.0
2022-03-07,31.1,15.9,9.3,0.0
2022-03-08,31.7,16.5,10.2,0.0
2022-03-09,31.6,16.9,10.5,0.0
2022-03-10,31.8,16.3,11.3,0.0
2022-03-11,33.2,16.6,14.8,0.0
2022-03-12,32.3,18.0,12.4,0.0
2022-03-13,32.8,17.0,11.4,0.0
2022-03-14,33.8,18.2,10.9,0.0
2022-03-15,33.8,17.4,11.9,0.0
2022-03-16,35.3,19.5,12.3,0.0
2022-03-17,36.1,20.6,11.7,0.0
2022-03-18,35.6,21.2,10.0,0.0
2022-03-19,36.0,21.6,11.8,0.0
2022-03-20,36.8,21.8,15.3,0.0
2022-03-21,35.7,21.9,11.9,0.1
2022-03-22,37.0,21.8,11.5,0.0
2022-03-23,37.0,22.5,14.8,0.0
2022-03-24,37.1,19.1,16.3,0.0
2022-03-25,37.8,22.5,14.8,0.0
2022-03-26,37.5,22.8,16.3,0.0
2022-03-27,37.0,23.2,13.6,0.0
2022-03-28,37.8,19.2,16.2,0.0
2022-03-29,38.6,22.0,16.2,0.0
2022-03-30,37.1,24.0,12.0,0.0
2022-03-31,37.7,25.1,16.6,0.1
2022-04-01,38.5,25.6,21.5,0.0
2022-04-02,36.7,25.9,14.5,1.4
2022-04-03,37.5,25.4,20.7,0.0
2022-04-04,38.8,25.2,22.7,0.0
2022-04-05,37.5,24.5,22.7,0.0
2022-04-06,39.0,24.6,20.4,0.0
2022-04-07,37.9,24.0,13.9,0.0
2022-04-08,39.0,24.0,21.2,0.0
2022-04-09,40.0,24.1,17.4,0.0
2022-04-10,37.9,24.4,17.3,0.0
2022-04-11,37.7,24.4,16.0,0.1
2022-04-12,37.2,24.7,15.8,0.6
2022-04-13,38.9,25.7,15.5,0.1
2022-04-14,38.4,26.3,20.6,1.3
2022-04-15,43.0,24.4,21.3,0.0
2022-04-16,38.0,23.7,19.1,0.1
2022-04-17,37.9,25.3,29.9,0.2
2022-04-18,40.8,25.0,22.7,0.0
2022-04-19,38.2,25.2,15.2,0.0
2022-04-20,36.5,25.2,20.8,0.0
2022-04-21,34.5,25.5,17.0,0.3
2022-04-22,36.2,26.0,12.8,6.3
2022-04-23,39.8,25.2,18.2,0.0
2022-04-24,41.2,24.5,15.0,0.0
2022-04-25,41.4,23.0,17.7,0.0
2022-04-26,42.1,25.0,18.4,0.0
2022-04-27,41.8,25.7,20.3,0.0
2022-04-28,39.3,25.9,20.9,0.0
2022-04-29,38.5,25.7,25.9,9.1
2022-04-30,38.0,25.0,22.5,11.8
2022-05-01,34.6,22.9,21.1,20.6
2022-05-02,33.5,23.5,12.8,7.5
2022-05-03,30.7,23.4,17.6,2.9
2022-05-04,31.2,24.5,14.1,1.4
2022-05-05,29.9,23.5,16.5,2.0
2022-05-06,33.2,22.8,14.2,0.6
2022-05-07,33.6,24.2,13.7,1.4
2022-05-08,33.8,24.1,11.9,0.5
2022-05-09,32.6,24.6,19.4,1.2
2022-05-10,31.4,25.4,14.8,8.6
2022-05-11,33.6,25.5,21.6,4.1
2022-05-12,34.2,26.5,18.5,1.0
2022-05-13,36.8,26.9,22.5,0.0
2022-05-14,39.7,27.0,21.3,3.5
2022-05-15,37.8,26.9,26.6,12.7
2022-05-16,37.0,27.0,21.6,0.1
2022-05-17,36.5,27.0,21.6,0.0
2022-05-18,37.2,27.2,21.3,7.5
2022-05-19,37.8,27.9,18.3,0.1
2022-05-20,37.2,26.8,17.8,0.3
2022-05-21,37.5,27.0,15.0,4.3
2022-05-22,35.2,26.4,22.0,0.3
2022-05-23,35.2,25.0,18.6,9.1
2022-05-24,35.0,24.4,12.6,0.0
2022-05-25,34.5,23.9,15.8,4.2
2022-05-26,36.5,24.4,10.6,0.0
2022-05-27,36.0,24.9,12.6,0.1
2022-05-28,36.5,24.7,17.3,5.6
2022-05-29,36.3,26.0,12.3,2.8
2022-05-30,36.7,27.0,15.9,0.2
2022-05-31,35.0,27.2,16.0,0.5
2022-06-01,36.7,26.4,12.0,3.6
2022-06-02,35.7,26.8,14.5,2.1
2022-06-03,36.8,27.0,19.4,0.0
2022-06-04,38.9,26.4,22.9,26.1
2022-06-05,36.9,26.0,21.0,0.1
2022-06-06,37.0,27.1,18.2,0.0
2022-06-07,37.2,27.1,16.5,0.6
2022-06-08,37.2,27.5,15.6,0.0
2022-06-09,38.9,28.2,17.3,10.0
2022-06-10,37.3,27.7,21.4,0.2
2022-06-11,37.1,28.0,20.6,0.0
2022-06-12,38.8,27.8,13.8,0.0
2022-06-13,39.5,27.8,17.3,2.8
2022-06-14,38.5,28.5,21.7,0.8
2022-06-15,33.2,26.5,23.7,4.0
2022-06-16,32.4,28.0,21.2,9.0
2022-06-17,30.1,25.1,20.2,20.7
2022-06-18,31.0,25.5,18.9,20.5
2022-06-19,33.0,25.6,21.7,10.4
2022-06-20,31.6,25.9,17.1,9.6
2022-06-21,33.5,25.1,13.1,4.2
2022-06-22,30.8,25.0,11.6,9.3
2022-06-23,31.5,25.0,10.9,0.5
2022-06-24,32.0,25.4,12.2,4.6
2022-06-25,30.5,25.5,17.6,5.2
2022-06-26,31.4,25.6,14.7,0.9
2022-06-27,32.8,26.1,17.0,0.9
2022-06-28,33.7,26.2,15.7,0.0
2022-06-29,33.0,25.5,15.8,3.9
2022-06-30,30.8,25.5,12.0,2.7
2022-07-01,32.8,25.4,18.8,11.0
2022-07-02,32.5,25.1,10.6,14.7
2022-07-03,32.0,25.2,19.6,8.9
2022-07-04,32.3,25.5,15.8,4.6
2022-07-05,33.2,25.4,17.0,6.1
2022-07-06,31.5,26.4,20.9,2.1
2022-07-07,32.5,25.6,13.5,1.0
2022-07-08,32.2,26.0,19.2,4.3
2022-07-09,32.8,25.7,18.3,1.6
2022-07-10,33.0,25.8,20.1,2.8
2022-07-11,32.6,25.5,22.2,3.4
2022-07-12,32.6,26.5,25.7,3.1
2022-07-13,33.5,26.5,23.4,2.5
2022-07-14,33.3,26.3,28.0,4.0
2022-07-15,32.5,25.9,24.1,5.1
2022-07-16,32.5,26.1,24.9,3.2
2022-07-17,33.2,26.1,23.8,1.8
2022-07-18,32.6,26.1,17.7,2.5
2022-07-19,32.8,25.9,13.5,3.6
2022-07-20,34.0,26.8,13.3,2.3
2022-07-21,32.8,26.2,12.2,12.3
2022-07-22,33.3,26.0,17.7,5.5
2022-07-23,30.7,25.6,19.3,5.9
2022-07-24,30.9,25.6,19.5,7.5
2022-07-25,30.5,24.9,20.8,8.5
2022-07-26,31.8,24.5,14.2,1.0
2022-07-27,33.0,25.5,14.0,0.8
2022-07-28,32.6,25.9,9.2,14.9
2022-07-29,32.5,25.5,7.9,20.5
2022-07-30,33.6,25.4,10.5,3.9
2022-07-31,32.2,26.7,13.7,6.4
2022-08-01,32.7,25.9,17.6,25.0
2022-08-02,32.8,25.5,9.5,4.5
2022-08-03,32.2,25.9,9.0,6.7
2022-08-04,32.0,24.7,10.5,16.2
2022-08-05,32.5,25.3,14.0,1.0
2022-08-06,33.0,25.8,15.4,8.1
2022-08-07,31.6,25.6,19.4,3.8
2022-08-08,32.2,25.8,24.3,1.9
2022-08-09,30.5,25.9,31.9,3.1
2022-08-10,30.0,25.0,26.6,34.4
2022-08-11,28.4,23.9,16.9,36.3
2022-08-12,31.0,24.6,9.9,2.8
2022-08-13,31.9,24.6,20.8,13.9
2022-08-14,29.0,25.5,34.1,23.6
2022-08-15,30.8,25.1,26.8,7.5
2022-08-16,32.9,25.1,9.7,0.5
2022-08-17,32.8,26.0,10.6,5.6
2022-08-18,33.9,26.4,18.1,5.8
2022-08-19,31.6,24.9,32.9,29.0
2022-08-20,29.2,25.2,35.5,17.0
2022-08-21,31.2,24.2,17.2,4.8
2022-08-22,32.7,25.2,10.6,6.1
2022-08-23,30.1,24.9,10.3,14.2
2022-08-24,29.6,24.4,17.5,14.3
2022-08-25,32.0,24.8,14.7,1.3
2022-08-26,32.8,25.0,8.3,2.2
2022-08-27,32.8,26.0,12.3,5.9
2022-08-28,30.9,26.0,18.6,21.2
2022-08-29,31.1,25.4,10.3,12.7
2022-08-30,32.5,26.0,9.5,12.3
2022-08-31,32.3,26.0,11.9,11.5
2022-09-01,32.0,25.6,8.7,10.3
2022-09-02,32.0,26.0,8.1,33.1
2022-09-03,32.3,25.6,10.2,27.8
2022-09-04,32.9,26.4,11.2,13.3
2022-09-05,31.9,25.9,11.0,15.6
2022-09-06,29.9,25.2,8.4,11.0
2022-09-07,31.9,25.9,10.0,3.3
2022-09-08,33.0,25.0,14.8,9.8
2022-09-09,33.3,25.8,11.3,5.2
2022-09-10,31.0,25.4,21.7,11.4
2022-09-11,27.8,24.7,21.7,30.8
2022-09-12,27.1,23.9,18.3,32.9
2022-09-13,29.9,24.5,15.0,18.8
2022-09-14,28.3,25.0,12.0,22.8
2022-09-15,29.9,24.8,15.3,7.7
2022-09-16,31.0,24.8,12.8,7.6
2022-09-17,32.0,25.5,12.5,12.8
2022-09-18,31.5,24.8,9.2,8.3
2022-09-19,31.2,24.8,21.1,8.9
2022-09-20,29.5,24.5,24.6,12.8
2022-09-21,29.6,25.2,16.3,5.3
2022-09-22,31.0,24.5,15.1,4.6
2022-09-23,30.0,24.7,15.5,1.7
2022-09-24,31.4,24.8,13.8,2.0
2022-09-25,30.7,24.5,6.4,6.4
2022-09-26,31.5,25.5,10.5,14.2
2022-09-27,31.4,24.2,11.4,10.8
2022-09-28,32.0,24.9,9.9,9.3
2022-09-29,31.0,24.5,7.6,6.5
2022-09-30,32.1,24.5,6.5,0.1
2022-10-01,32.8,25.3,11.0,0.6
2022-10-02,31.1,25.1,11.8,20.9
2022-10-03,29.5,24.4,13.1,11.7
2022-10-04,28.1,24.5,17.4,20.4
2022-10-05,30.2,24.1,13.2,5.9
2022-10-06,29.9,24.2,16.7,2.5
2022-10-07,30.7,23.4,17.2,7.8
2022-10-08,32.0,23.7,10.7,0.0
2022-10-09,31.9,24.5,12.0,4.6
2022-10-10,31.5,24.1,18.4,2.9
2022-10-11,30.6,24.3,10.5,23.6
2022-10-12,30.5,23.7,12.2,27.9
2022-10-13,28.9,23.6,6.2,15.9
2022-10-14,30.7,22.8,5.9,6.8
2022-10-15,31.1,23.8,9.2,0.2
2022-10-16,31.4,23.4,11.2,0.0
2022-10-17,31.3,22.8,13.1,0.0
2022-10-18,31.0,22.9,13.0,0.0
2022-10-19,30.9,21.8,9.3,0.0
2022-10-20,30.4,20.7,10.1,0.0
2022-10-21,30.9,20.0,10.9,0.0
2022-10-22,32.0,21.5,15.6,0.0
2022-10-23,32.0,21.4,11.2,0.3
2022-10-24,28.2,22.4,22.7,0.2
2022-10-25,30.5,20.1,13.6,0.0
2022-10-26,31.0,20.8,9.2,0.0
2022-10-27,30.9,20.0,10.7,0.0
2022-10-28,30.0,18.9,11.0,0.0
2022-10-29,30.2,16.5,9.7,0.0
2022-10-30,30.4,19.8,9.7,0.0
2022-10-31,30.6,19.2,9.7,0.0
2022-11-01,31.0,19.0,8.5,0.0
2022-11-02,30.5,20.6,11.4,0.0
2022-11-03,30.4,18.7,8.2,0.0
2022-11-04,30.8,17.8,9.5,0.0
2022-11-05,30.1,18.7,9.8,0.0
2022-11-06,29.4,18.2,8.8,0.0
2022-11-07,29.8,18.5,8.3,0.0
2022-11-08,30.0,19.2,9.5,0.0
2022-11-09,29.9,19.0,9.0,0.0
2022-11-10,29.6,21.0,9.4,0.0
2022-11-11,29.5,18.2,9.2,0.0
2022-11-12,30.4,18.3,12.6,0.0
2022-11-13,28.9,16.0,11.4,0.0
2022-11-14,28.3,14.9,10.5,0.0
2022-11-15,28.0,14.9,9.8,0.0
2022-11-16,28.2,14.9,8.5,0.0
2022-11-17,29.5,17.1,11.2,0.0
2022-11-18,28.2,16.6,14.7,0.0
2022-11-19,28.0,16.4,11.9,0.0
2022-11-20,28.0,15.5,10.3,0.0
2022-11-21,28.2,15.4,11.0,0.0
2022-11-22,28.1,14.1,10.7,0.0
2022-11-23,28.1,15.2,11.4,0.0
2022-11-24,27.5,14.4,11.3,0.0
2022-11-25,28.2,15.1,9.7,0.0
2022-11-26,27.7,14.8,10.4,0.0
2022-11-27,27.4,15.0,10.7,0.0
2022-11-28,27.5,14.9,9.7,0.0
2022-11-29,27.9,15.8,9.0,0.0
2022-11-30,28.9,15.8,8.8,0.0
2022-12-01,28.4,16.0,9.2,0.0
2022-12-02,27.9,14.6,10.9,0.0
2022-12-03,27.4,13.8,10.5,0.0
2022-12-04,27.0,14.0,12.9,0.0
2022-12-05,27.0,14.1,10.6,0.0
2022-12-06,27.0,14.6,11.3,0.0
2022-12-07,26.2,13.9,12.0,0.0
2022-12-08,26.0,13.5,9.9,0.0
2022-12-09,26.3,12.9,10.2,0.0
2022-12-10,25.4,14.0,10.5,0.0
2022-12-11,27.6,14.2,10.8,0.0
2022-12-12,27.5,13.0,8.5,0.0
2022-12-13,29.2,14.9,10.2,0.0
2022-12-14,27.6,14.6,9.7,0.0
2022-12-15,26.1,13.6,10.5,0.0
2022-12-16,25.1,11.9,12.5,0.0
2022-12-17,24.6,11.6,11.3,0.0
2022-12-18,25.8,12.4,10.1,0.0
2022-12-19,26.2,14.3,9.8,0.0
2022-12-20,26.1,14.1,11.3,0.0
2022-12-21,25.9,12.6,10.5,0.0
2022-12-22,25.8,13.2,11.2,0.0
2022-12-23,26.0,11.3,9.9,0.0
2022-12-24,27.9,12.6,10.6,0.0
2022-12-25,27.1,14.2,9.3,0.0
2022-12-26,27.6,14.9,8.1,1.2
2022-12-27,27.6,16.6,17.9,0.4
2022-12-28,24.8,14.1,10.1,0.0
2022-12-29,24.2,10.4,11.9,0.0
2022-12-30,23.9,10.8,9.8,0.0
2022-12-31,25.6,12.9,10.0,0.0
2023-01-01,24.6,13.8,7.4,0.4
2023-01-02,24.5,13.2,9.2,0.1
2023-01-03,24.7,12.6,11.8,0.0
2023-01-04,24.4,12.4,12.1,0.0
2023-01-05,23.0,11.4,12.9,0.0
2023-01-06,23.5,9.4,15.8,0.0
2023-01-07,23.7,9.9,15.9,0.0
2023-01-08,24.1,9.9,11.5,0.0
2023-01-09,25.0,9.5,10.6,0.0
2023-01-10,25.0,10.1,10.9,0.0
2023-01-11,23.5,10.4,10.2,0.0
2023-01-12,25.3,9.8,10.1,0.0
2023-01-13,26.6,11.6,9.6,0.0
2023-01-14,27.3,12.8,10.0,0.0
2023-01-15,26.1,13.4,13.7,0.0
2023-01-16,23.5,12.6,9.0,0.0
2023-01-17,23.8,11.8,8.3,0.0
2023-01-18,23.4,12.8,8.9,0.0
2023-01-19,23.9,13.5,10.2,0.0
2023-01-20,24.5,10.1,8.6,0.0
2023-01-21,27.8,10.9,10.2,0.0
2023-01-22,27.7,14.3,8.4,0.0
2023-01-23,29.6,15.1,10.7,0.0
2023-01-24,28.9,16.5,10.3,0.0
2023-01-25,30.0,15.8,11.6,0.0
2023-01-26,31.0,16.0,13.7,0.0
2023-01-27,29.7,18.2,14.4,0.0
2023-01-28,28.1,17.2,13.1,0.0
2023-01-29,27.2,12.3,11.2,0.0
2023-01-30,28.0,12.4,10.6,0.0
2023-01-31,29.4,14.8,13.4,0.0
2023-02-01,29.2,17.6,16.3,0.0
2023-02-02,25.6,13.1,12.4,0.0
2023-02-03,27.4,12.5,14.9,0.0
2023-02-04,27.7,12.3,13.2,0.0
2023-02-05,28.9,12.6,10.4,0.0
2023-02-06,29.0,13.2,10.6,0.0
2023-02-07,30.5,13.6,13.4,0.0
2023-02-08,30.5,15.0,15.5,0.0
2023-02-09,28.8,16.4,13.8,0.0
2023-02-10,29.9,12.9,12.6,0.0
2023-02-11,32.9,15.4,15.8,0.0
2023-02-12,31.0,17.3,22.0,0.0
2023-02-13,27.1,13.5,19.8,0.0
2023-02-14,26.3,11.6,15.0,0.0
2023-02-15,26.8,12.3,10.7,0.0
2023-02-16,28.1,13.2,9.7,0.0
2023-02-17,29.2,14.9,8.9,0.0
2023-02-18,30.0,16.4,8.4,0.0
2023-02-19,31.4,17.2,9.7,0.0
2023-02-20,32.6,18.1,13.0,0.0
2023-02-21,33.2,18.1,13.5,0.0
2023-02-22,35.5,18.5,16.7,0.0
2023-02-23,33.7,17.6,11.2,0.0
2023-02-24,33.5,18.4,14.8,0.0
2023-02-25,32.5,16.9,12.0,0.0
2023-02-26,32.8,16.4,14.2,0.0
2023-02-27,33.0,17.4,16.8,0.0
2023-02-28,33.0,17.0,16.0,0.0
2023-03-01,33.8,17.9,15.0,0.0
2023-03-02,34.8,18.2,17.1,0.0
2023-03-03,35.2,18.5,19.1,0.0
2023-03-04,35.0,18.6,21.0,0.0
2023-03-05,35.2,20.4,19.4,0.0
2023-03-06,34.4,20.5,14.7,0.0
2023-03-07,34.3,18.0,15.4,0.0
2023-03-08,34.3,20.6,14.3,0.0
2023-03-09,34.1,19.2,11.0,0.0
2023-03-10,34.8,21.1,14.7,0.0
2023-03-11,34.0,19.7,19.7,0.5
2023-03-12,34.5,19.6,11.8,0.0
2023-03-13,35.7,20.9,14.3,0.0
2023-03-14,35.8,21.4,26.3,0.0
2023-03-15,35.2,22.0,15.8,0.0
2023-03-16,33.6,21.0,15.3,1.9
2023-03-17,27.8,19.6,14.8,18.0
2023-03-18,27.2,19.2,9.4,4.9
2023-03-19,25.9,19.9,12.9,7.8
2023-03-20,27.5,18.8,14.0,3.8
2023-03-21,28.3,17.5,16.1,0.7
2023-03-22,30.2,19.0,14.0,0.0
2023-03-23,31.2,18.5,15.0,0.0
2023-03-24,32.4,18.6,14.7,0.0
2023-03-25,34.5,20.8,12.8,0.0
2023-03-26,35.3,22.2,16.9,2.2
2023-03-27,34.3,21.7,12.4,0.0
2023-03-28,35.2,21.8,12.9,0.0
2023-03-29,35.8,21.9,14.8,0.0
2023-03-30,36.8,22.4,23.4,0.0
2023-03-31,33.6,23.4,17.9,2.7
2023-04-01,28.0,21.4,13.3,11.6
2023-04-02,31.6,19.9,14.8,0.0
2023-04-03,34.0,20.0,19.8,0.0
2023-04-04,35.5,19.5,16.9,0.0
2023-04-05,35.8,20.8,19.5,0.0
2023-04-06,37.0,20.3,17.7,0.0
2023-04-07,38.2,21.0,21.1,0.0
2023-04-08,38.7,21.6,17.5,0.0
2023-04-09,38.5,22.8,16.6,0.0
2023-04-10,39.3,23.4,17.7,0.0
2023-04-11,39.3,23.0,17.5,0.0
2023-04-12,40.0,22.4,17.2,0.0
2023-04-13,41.8,24.2,24.7,0.0
2023-04-14,42.8,24.7,21.9,0.0
2023-04-15,43.2,26.0,18.9,0.0
2023-04-16,42.5,26.3,17.1,0.0
2023-04-17,43.2,27.0,20.3,0.0
2023-04-18,43.6,26.7,17.9,0.0
2023-04-19,44.3,26.5,18.6,0.0
2023-04-20,44.2,26.5,21.4,0.0
2023-04-21,41.3,27.1,27.8,0.0
2023-04-22,37.3,24.6,13.6,0.0
2023-04-23,34.0,23.6,22.7,6.2
2023-04-24,35.0,22.7,18.1,17.2
2023-04-25,32.9,21.7,7.5,0.0
2023-04-26,34.8,23.6,14.0,7.3
2023-04-27,35.0,23.2,20.3,0.7
2023-04-28,37.5,22.8,13.7,0.0
2023-04-29,37.6,23.5,18.1,0.0
2023-04-30,34.5,24.1,12.4,0.6
2023-05-01,29.8,23.6,10.1,1.3
2023-05-02,34.0,22.5,14.0,0.1
2023-05-03,32.4,23.8,19.8,33.6
2023-05-04,33.3,23.2,14.8,10.9
2023-05-05,35.7,22.6,14.2,0.1
2023-05-06,37.4,25.4,16.4,0.0
2023-05-07,40.2,24.3,18.1,0.0
2023-05-08,41.3,25.5,18.8,0.0
2023-05-09,41.2,26.9,16.9,0.0
2023-05-10,43.1,28.9,19.1,0.0
2023-05-11,42.2,27.4,19.8,0.0
2023-05-12,40.8,26.4,14.7,0.0
2023-05-13,38.8,27.3,16.1,0.0
2023-05-14,38.8,26.4,19.5,0.0
2023-05-15,40.5,25.2,27.9,6.9
2023-05-16,41.2,26.4,25.5,0.9
2023-05-17,39.5,26.6,21.1,0.5
2023-05-18,39.2,27.1,25.5,15.5
2023-05-19,38.0,26.0,15.7,5.5
2023-05-20,41.5,26.8,21.2,0.0
2023-05-21,42.3,27.4,19.3,0.0
2023-05-22,39.3,26.8,27.4,0.6
2023-05-23,38.6,25.4,17.9,24.7
2023-05-24,33.0,24.0,13.7,0.1
2023-05-25,35.2,25.3,18.8,11.4
2023-05-26,34.5,24.1,9.7,10.8
2023-05-27,34.4,23.5,11.1,0.1
2023-05-28,34.2,24.4,11.8,2.8
2023-05-29,35.8,25.5,6.5,0.0
2023-05-30,37.3,26.9,12.2,0.0
2023-05-31,38.6,27.8,10.9,0.2
2023-06-01,40.4,27.5,17.9,0.0
2023-06-02,41.5,25.8,19.3,0.0
2023-06-03,40.8,27.5,16.2,0.0
2023-06-04,40.8,28.1,17.7,0.0
2023-06-05,41.5,27.9,15.9,0.0
2023-06-06,42.0,28.2,19.4,0.0
2023-06-07,42.7,29.1,17.1,0.0
2023-06-08,43.2,29.1,20.5,0.0
2023-06-09,42.4,28.4,23.1,0.0
2023-06-10,38.8,27.9,13.9,0.7
2023-06-11,39.5,28.2,22.4,1.8
2023-06-12,39.2,28.6,16.9,9.8
2023-06-13,41.2,29.0,20.4,0.8
2023-06-14,42.2,30.5,26.0,0.2
2023-06-15,43.0,31.8,19.1,0.0
2023-06-16,42.6,32.2,22.1,0.0
2023-06-17,42.7,31.1,21.5,0.1
2023-06-18,39.2,29.0,20.0,1.9
2023-06-19,37.0,28.5,20.0,0.0
2023-06-20,37.0,28.0,20.9,17.5
2023-06-21,35.8,27.7,18.1,8.0
2023-06-22,33.4,26.5,17.4,5.5
2023-06-23,34.5,25.8,13.1,1.2
2023-06-24,34.4,26.9,18.1,1.4
2023-06-25,32.3,26.4,23.3,6.5
2023-06-26,30.1,25.5,22.1,2.5
2023-06-27,28.9,24.7,20.6,15.4
2023-06-28,29.6,24.6,18.6,15.9
2023-06-29,32.5,26.0,17.1,6.7
2023-06-30,32.2,26.9,11.7,31.8
2023-07-01,33.2,25.1,11.7,29.9
2023-07-02,32.3,26.8,14.6,2.9
2023-07-03,32.9,27.6,11.3,14.3
2023-07-04,34.2,27.0,14.0,2.3
2023-07-05,32.5,26.2,13.5,5.8
2023-07-06,32.3,26.2,15.5,15.0
2023-07-07,32.9,25.9,19.4,2.4
2023-07-08,32.7,26.0,16.4,2.3
2023-07-09,32.5,26.1,13.7,2.3
2023-07-10,34.1,27.1,14.1,0.2
2023-07-11,34.3,27.8,18.4,0.6
2023-07-12,33.7,27.3,16.9,0.3
2023-07-13,33.2,26.7,17.4,0.2
2023-07-14,33.5,26.6,11.2,22.1
2023-07-15,32.5,25.4,14.0,32.3
2023-07-16,31.6,25.4,13.9,6.4
2023-07-17,32.2,25.8,18.0,4.2
2023-07-18,33.1,26.0,18.5,3.2
2023-07-19,32.8,26.2,20.3,2.1
2023-07-20,33.6,26.5,21.6,1.7
2023-07-21,32.7,26.7,21.7,5.9
2023-07-22,32.0,25.8,20.1,14.5
2023-07-23,33.2,26.2,18.6,2.1
2023-07-24,33.5,25.6,14.6,0.9
2023-07-25,34.2,25.6,18.6,1.7
2023-07-26,32.4,25.9,17.4,4.7
2023-07-27,32.5,26.1,16.3,3.6
2023-07-28,32.5,25.4,15.6,3.6
2023-07-29,32.3,26.4,10.8,5.5
2023-07-30,33.2,25.9,10.7,9.1
2023-07-31,33.2,26.5,14.5,10.7
2023-08-01,33.7,26.0,17.9,32.4
2023-08-02,30.6,25.9,29.4,22.5
2023-08-03,31.8,25.5,20.3,2.3
2023-08-04,32.8,25.7,16.3,0.7
2023-08-05,31.6,26.2,15.8,6.0
2023-08-06,31.7,26.5,19.1,5.0
2023-08-07,31.8,26.0,16.6,15.8
2023-08-08,30.5,26.0,16.2,4.6
2023-08-09,32.0,25.4,17.3,7.2
2023-08-10,33.1,25.9,11.8,0.9
2023-08-11,33.3,26.7,12.2,2.7
2023-08-12,32.8,26.6,19.9,12.8
2023-08-13,30.9,25.6,9.8,16.4
2023-08-14,31.4,25.0,7.1,4.8
2023-08-15,32.8,25.8,10.2,4.7
2023-08-16,32.5,26.6,7.6,4.5
2023-08-17,33.2,26.4,10.5,20.1
2023-08-18,32.8,25.4,20.5,8.9
2023-08-19,32.0,26.0,20.3,1.4
2023-08-20,32.2,26.1,14.1,2.0
2023-08-21,33.6,25.8,13.7,0.7
2023-08-22,33.0,25.6,10.1,17.3
2023-08-23,32.5,25.5,12.5,18.7
2023-08-24,31.5,25.4,15.6,29.0
2023-08-25,31.0,25.9,14.2,21.6
2023-08-26,31.5,25.5,13.0,15.2
2023-08-27,34.0,25.9,16.1,0.1
2023-08-28,33.8,25.9,14.9,0.0
2023-08-29,33.9,24.8,8.7,0.0
2023-08-30,33.8,25.4,9.3,0.0
2023-08-31,34.0,26.2,9.7,0.2
2023-09-01,35.1,26.5,9.6,0.5
2023-09-02,34.6,26.6,12.5,8.7
2023-09-03,33.9,26.0,10.2,11.3
2023-09-04,31.0,25.2,19.7,29.1
2023-09-05,31.2,25.1,14.9,5.6
2023-09-06,31.1,25.5,14.2,7.2
2023-09-07,30.6,25.2,17.7,14.5
2023-09-08,30.2,24.6,16.4,16.6
2023-09-09,31.9,24.9,13.7,10.7
2023-09-10,33.3,25.6,11.2,0.3
2023-09-11,33.5,26.2,14.8,2.6
2023-09-12,32.0,25.9,19.0,9.5
2023-09-13,31.1,25.5,16.1,13.2
2023-09-14,32.0,26.0,25.2,9.9
2023-09-15,31.5,25.6,20.3,5.1
2023-09-16,31.9,26.0,14.9,3.3
2023-09-17,33.2,25.4,6.8,0.0
2023-09-18,32.5,25.9,13.0,10.2
2023-09-19,29.9,25.5,15.1,9.0
2023-09-20,29.2,25.2,17.1,22.2
2023-09-21,30.4,25.4,20.6,24.9
2023-09-22,29.0,24.7,17.9,19.6
2023-09-23,30.9,24.5,20.3,30.3
2023-09-24,31.0,25.1,12.6,16.8
2023-09-25,30.6,25.0,9.1,1.6
2023-09-26,31.9,24.7,9.4,5.4
2023-09-27,32.7,24.9,9.0,2.3
2023-09-28,31.2,25.0,9.2,17.3
2023-09-29,33.0,25.4,14.5,18.8
2023-09-30,28.0,24.5,25.3,58.8
2023-10-01,29.1,24.6,24.5,21.3
2023-10-02,31.3,25.0,20.9,4.6
2023-10-03,29.4,24.3,22.5,42.0
2023-10-04,28.6,24.3,17.4,23.9
2023-10-05,30.8,24.0,12.1,22.6
2023-10-06,30.5,24.4,14.0,1.0
2023-10-07,32.1,23.9,12.3,0.5
2023-10-08,33.0,24.5,7.5,0.0
2023-10-09,33.5,24.6,12.5,0.8
2023-10-10,33.8,24.0,12.5,0.0
2023-10-11,33.9,24.0,10.2,0.0
2023-10-12,33.3,22.2,9.2,0.0
2023-10-13,33.0,20.9,7.6,0.0
2023-10-14,32.9,22.0,11.3,0.0
2023-10-15,31.6,21.2,10.5,0.0
2023-10-16,31.3,21.2,13.8,0.7
2023-10-17,31.6,22.1,7.9,0.0
2023-10-18,30.8,21.8,9.2,0.1
2023-10-19,31.0,21.4,8.4,0.0
2023-10-20,30.6,20.1,9.8,0.0
2023-10-21,30.6,19.6,9.6,0.0
2023-10-22,30.7,20.5,9.2,0.0
2023-10-23,31.5,21.8,11.5,0.0
2023-10-24,30.5,22.2,10.0,0.2
2023-10-25,30.6,21.8,10.0,0.6
2023-10-26,30.8,21.6,8.4,0.0
2023-10-27,29.5,20.5,7.7,0.2
2023-10-28,30.0,19.9,8.7,0.0
2023-10-29,30.6,18.1,9.3,0.0
2023-10-30,30.5,18.5,7.6,0.0
2023-10-31,30.9,20.5,8.0,0.0
2023-11-01,31.6,20.0,6.3,0.0
2023-11-02,31.3,20.8,8.0,0.0
2023-11-03,28.6,21.5,9.0,8.1
2023-11-04,28.8,20.5,10.9,1.5
2023-11-05,29.5,20.3,8.2,0.2
2023-11-06,29.9,18.6,7.8,0.0
2023-11-07,29.8,17.6,10.7,0.0
2023-11-08,29.5,17.2,7.8,0.0
2023-11-09,29.7,17.6,8.7,0.0
2023-11-10,30.0,16.9,10.0,0.0
2023-11-11,30.0,18.0,9.8,0.0
2023-11-12,30.5,18.4,10.6,0.0
2023-11-13,29.5,18.1,11.7,0.0
2023-11-14,29.4,17.6,9.2,0.0
2023-11-15,29.1,17.8,8.4,0.0
2023-11-16,29.9,20.0,13.6,0.0
2023-11-17,29.8,21.1,18.9,0.2
2023-11-18,28.9,19.5,7.7,0.0
2023-11-19,29.0,18.5,11.3,0.0
2023-11-20,29.4,17.9,10.2,0.0
2023-11-21,29.2,17.7,9.5,0.0
2023-11-22,28.1,17.2,9.8,0.0
2023-11-23,27.5,15.4,8.2,0.0
2023-11-24,28.1,15.2,9.4,0.0
2023-11-25,28.1,14.9,8.2,0.0
2023-11-26,28.5,16.4,9.5,0.0
2023-11-27,27.7,15.6,9.7,0.0
2023-11-28,28.5,16.9,9.1,0.0
2023-11-29,29.4,19.6,10.0,0.0
2023-11-30,29.5,17.9,9.4,0.0
2023-12-01,30.0,19.5,10.5,0.0
2023-12-02,29.3,19.5,12.4,0.0
2023-12-03,30.0,19.4,9.5,0.0
2023-12-04,28.9,18.2,7.7,0.0
2023-12-05,24.0,20.8,8.9,3.7
2023-12-06,25.2,18.8,10.8,7.5
2023-12-07,19.4,17.6,11.0,24.9
2023-12-08,24.8,17.0,13.3,0.2
2023-12-09,25.5,15.6,11.5,0.1
2023-12-10,24.8,13.4,14.0,0.0
2023-12-11,24.1,11.9,11.9,0.0
2023-12-12,23.9,11.4,9.9,0.0
2023-12-13,24.5,11.6,13.5,0.0
2023-12-14,23.5,12.0,9.0,0.0
2023-12-15,23.9,11.2,10.3,0.0
2023-12-16,23.9,11.2,10.5,0.0
2023-12-17,23.6,10.8,9.0,0.0
2023-12-18,23.7,11.9,10.1,0.0
2023-12-19,23.1,11.0,10.7,0.0
2023-12-20,24.2,12.1,10.8,0.0
2023-12-21,24.1,12.2,10.5,0.0
2023-12-22,25.0,13.1,8.9,0.0
2023-12-23,25.5,14.2,9.0,0.0
2023-12-24,25.6,14.1,9.7,0.0
2023-12-25,25.6,14.2,8.4,0.0
2023-12-26,26.0,13.2,8.3,0.0
2023-12-27,25.9,13.4,9.3,0.0
2023-12-28,25.8,14.2,9.1,0.0
2023-12-29,26.1,13.7,10.8,0.0
2023-12-30,25.5,13.8,9.6,0.0
2023-12-31,24.8,12.4,9.0,0.0
